{
  "schema_version": "v1",
  "name_for_human": "Mario MCP API",
  "name_for_model": "mario_mcp",
  "description_for_human": "Consulta dados públicos do Mario Mayerle (LinkedIn, GitHub, Blogposts).",
  "description_for_model": "Permite acessar informações públicas do perfil de Mario Mayerle, incluindo LinkedIn, repositórios GitHub e publicações.",
  "auth": {
    "type": "none"
  },
  "api": {
    "type": "openapi",
    "url": "https://mcp.mariomayerle.com/.well-known/openapi.yaml"
  },
  "logo_url": "https://mcp.mariomayerle.com/logo.png",
  "contact_email": "contato@mariomayerle.com",
  "legal_info_url": "https://mcp.mariomayerle.com/legal"
}
